first_name,last_name,email,gender_iso,date_of_birth,phone_number,created_date,created_by,last_modified_date,last_modified_by
Arthur,Kashapov,monja.nya@gmail.com,MALE,1970-11-20,272-162-6464,2021-04-02 03:00:54.560000,system,2021-04-02 03:01:39.123000,system
Fraze,Sisland,lsisland1@instagram.com,MALE,1980-09-11,200-292-0501,2021-04-02 03:00:54.560000,system,2021-04-02 03:01:39.123000,system
Artemus,Vurley,lvurley2@ifeng.com,MALE,1978-11-25,784-207-1594,2021-04-02 03:00:54.560000,system,2021-04-02 03:01:39.123000,system
Ross,Venart,svenart3@buzzfeed.com,MALE,1972-05-14,850-166-8875,2021-04-02 03:00:54.560000,system,2021-04-02 03:01:39.123000,system
Bridie,Curless,rcurless5@edublogs.org,FEMALE,1998-04-30,451-926-0160,2021-04-02 03:00:54.560000,system,2021-04-02 03:01:39.123000,system
Fairleigh,Ciccotto,jciccotto7@un.org,MALE,1961-04-03,797-858-8166,2021-04-02 03:00:54.560000,system,2021-04-02 03:01:39.123000,system
Sher,Chinnery,kchinnery8@dmoz.org,FEMALE,1982-11-08,194-255-8775,2021-04-02 03:00:54.560000,system,2021-04-02 03:01:39.123000,system
Elnore,Alelsandrovich,nalelsandrovich9@upenn.edu,FEMALE,1991-11-09,829-773-6071,2021-04-02 03:00:54.560000,system,2021-04-02 03:01:39.123000,system
Karlee,Browne,bbrownea@scientificamerican.com,FEMALE,1959-03-10,373-705-8826,2021-04-02 03:00:54.560000,system,2021-04-02 03:01:39.123000,system
Talbot,Reinbeck,areinbeckb@wp.com,MALE,1973-08-27,297-720-0229,2021-04-02 03:00:54.560000,system,2021-04-02 03:01:39.123000,system
Layton,Jeandeau,mjeandeauc@google.co.uk,MALE,1984-05-08,858-266-9765,2021-04-02 03:00:54.560000,system,2021-04-02 03:01:39.123000,system
Kort,McKendo,gmckendod@ucoz.com,MALE,1978-10-21,851-981-1075,2021-04-02 03:00:54.560000,system,2021-04-02 03:01:39.123000,system
Gunther,Mains,wmainse@purevolume.com,MALE,1977-12-10,248-515-9352,2021-04-02 03:00:54.560000,system,2021-04-02 03:01:39.123000,system
Lamond,Garrood,mgarroodf@soup.io,MALE,1988-07-24,539-652-3763,2021-04-02 03:00:54.560000,system,2021-04-02 03:01:39.123000,system
Burl,Scholling,eschollingg@vinaora.com,MALE,1998-01-20,449-503-7861,2021-04-02 03:00:54.560000,system,2021-04-02 03:01:39.123000,system
Gaultiero,Heaford,kheafordh@unc.edu,MALE,1958-04-12,979-862-7131,2021-04-02 03:00:54.560000,system,2021-04-02 03:01:39.123000,system
Aube,Abramov,aabramovi@nymag.com,MALE,1986-08-14,548-625-6822,2021-04-02 03:00:54.560000,system,2021-04-02 03:01:39.123000,system
Kimbra,Torr,dtorrj@canalblog.com,FEMALE,1953-12-01,332-886-5836,2021-04-02 03:00:54.560000,system,2021-04-02 03:01:39.123000,system
Giffard,Clackers,lclackersk@seesaa.net,MALE,1997-08-25,501-598-8375,2021-04-02 03:00:54.560000,system,2021-04-02 03:01:39.123000,system
Heddi,Redsall,vredsalll@t-online.de,FEMALE,1967-10-11,620-752-5390,2021-04-02 03:00:54.560000,system,2021-04-02 03:01:39.123000,system
Yorker,Morshead,cmorsheadm@example.com,MALE,1993-01-22,642-278-6899,2021-04-02 03:00:54.560000,system,2021-04-02 03:01:39.123000,system
Opal,Rengger,erenggern@bloglovin.com,FEMALE,1986-03-15,937-452-3781,2021-04-02 03:00:54.560000,system,2021-04-02 03:01:39.123000,system
Sherill,Fellman,sfellmano@illinois.edu,FEMALE,1981-02-27,186-311-0220,2021-04-02 03:00:54.560000,system,2021-04-02 03:01:39.123000,system
Jase,Ocklin,aocklinp@opera.com,MALE,1996-08-18,206-716-6546,2021-04-02 03:00:54.560000,system,2021-04-02 03:01:39.123000,system
Abbi,Murname,bmurnameq@networkadvertising.org,FEMALE,1964-02-07,114-167-7617,2021-04-02 03:00:54.560000,system,2021-04-02 03:01:39.123000,system
Julius,Edghinn,eedghinnr@wsj.com,MALE,1962-01-23,577-834-9419,2021-04-02 03:00:54.560000,system,2021-04-02 03:01:39.123000,system
Antonina,Debenham,vdebenhams@studiopress.com,FEMALE,1958-04-30,629-560-7214,2021-04-02 03:00:54.560000,system,2021-04-02 03:01:39.123000,system
Connie,Whatmough,pwhatmought@nature.com,FEMALE,1955-06-18,757-753-3517,2021-04-02 03:00:54.560000,system,2021-04-02 03:01:39.123000,system
Lindy,Bett,abettu@huffingtonpost.com,MALE,1957-02-04,359-408-0972,2021-04-02 03:00:54.560000,system,2021-04-02 03:01:39.123000,system
Katharyn,Goggan,cgogganv@nifty.com,FEMALE,1966-04-06,923-950-0782,2021-04-02 03:00:54.560000,system,2021-04-02 03:01:39.123000,system
Gerri,McCrie,amccriew@seesaa.net,FEMALE,1955-12-02,607-821-3197,2021-04-02 03:00:54.560000,system,2021-04-02 03:01:39.123000,system
Gabriele,Kelsey,mkelseyx@soup.io,MALE,1993-06-19,845-955-6454,2021-04-02 03:00:54.560000,system,2021-04-02 03:01:39.123000,system
Wallas,Thurling,kthurlingy@freewebs.com,MALE,1980-04-07,287-162-5026,2021-04-02 03:00:54.560000,system,2021-04-02 03:01:39.123000,system
Brant,Fittis,cfittis10@redcross.org,MALE,1983-03-25,173-717-1280,2021-04-02 03:00:54.560000,system,2021-04-02 03:01:39.123000,system
Reeta,Isacsson,hisacsson11@bloomberg.com,FEMALE,1959-06-07,729-559-8255,2021-04-02 03:00:54.560000,system,2021-04-02 03:01:39.123000,system
Clareta,Walkinshaw,swalkinshaw12@typepad.com,FEMALE,1978-02-21,608-994-2231,2021-04-02 03:00:54.560000,system,2021-04-02 03:01:39.123000,system
Harp,Ivanilov,aivanilov13@hostgator.com,MALE,1981-06-27,326-743-1350,2021-04-02 03:00:54.560000,system,2021-04-02 03:01:39.123000,system
Vito,Faireclough,jfaireclough14@vkontakte.ru,MALE,1969-12-13,940-760-6314,2021-04-02 03:00:54.560000,system,2021-04-02 03:01:39.123000,system
Ferdie,McQueen,jmcqueen15@timesonline.co.uk,MALE,1990-08-14,316-464-8329,2021-04-02 03:00:54.560000,system,2021-04-02 03:01:39.123000,system
Ardella,Woodham,bwoodham16@hibu.com,FEMALE,1981-02-02,974-421-3261,2021-04-02 03:00:54.560000,system,2021-04-02 03:01:39.123000,system
Umeko,Buscher,cbuscher17@webs.com,FEMALE,1984-02-28,653-298-5521,2021-04-02 03:00:54.560000,system,2021-04-02 03:01:39.123000,system
Ahmed,Clemenzi,rclemenzi18@howstuffworks.com,MALE,2001-03-04,391-401-2260,2021-04-02 03:00:54.560000,system,2021-04-02 03:01:39.123000,system
Owen,Ballendine,mballendine19@domainmarket.com,MALE,1972-10-24,574-130-3851,2021-04-02 03:00:54.560000,system,2021-04-02 03:01:39.123000,system
Algernon,Batie,sbatie1a@usda.gov,MALE,1996-11-17,313-377-0871,2021-04-02 03:00:54.560000,system,2021-04-02 03:01:39.123000,system
Ian,Bulbrook,abulbrook1b@state.gov,MALE,1966-11-02,509-761-0674,2021-04-02 03:00:54.560000,system,2021-04-02 03:01:39.123000,system
Gothart,Broszkiewicz,pbroszkiewicz1c@sciencedaily.com,MALE,1980-09-15,405-659-1063,2021-04-02 03:00:54.560000,system,2021-04-02 03:01:39.123000,system
Upton,Pitway,hpitway1d@smh.com.au,MALE,1965-11-20,501-498-1180,2021-04-02 03:00:54.560000,system,2021-04-02 03:01:39.123000,system
Penrod,Mindenhall,dmindenhall1e@howstuffworks.com,NOT_APPLICABLE,1982-02-18,445-287-9510,2021-04-02 03:00:54.560000,system,2021-04-02 03:01:39.123000,system
Albertina,McGoon,gmcgoon1f@chron.com,FEMALE,1959-11-25,759-646-9905,2021-04-02 03:00:54.560000,system,2021-04-02 03:01:39.123000,system
Xylina,Waulker,awaulker1g@elegantthemes.com,FEMALE,1999-05-29,638-732-4541,2021-04-02 03:00:54.560000,system,2021-04-02 03:01:39.123000,system
Karilynn,Agglio,sagglio1h@auda.org.au,FEMALE,1975-11-14,288-274-2593,2021-04-02 03:00:54.560000,system,2021-04-02 03:01:39.123000,system
Callean,Bicheno,tbicheno1i@chronoengine.com,MALE,2001-10-03,213-336-6208,2021-04-02 03:00:54.560000,system,2021-04-02 03:01:39.123000,system
Samuele,Kingham,gkingham1j@sohu.com,MALE,1967-04-26,395-574-6994,2021-04-02 03:00:54.560000,system,2021-04-02 03:01:39.123000,system
Basilius,Bennett,lbennett1k@desdev.cn,MALE,1992-05-28,469-594-3431,2021-04-02 03:00:54.560000,system,2021-04-02 03:01:39.123000,system
Eden,Deverose,mdeverose1l@cnet.com,FEMALE,1954-08-25,921-503-5783,2021-04-02 03:00:54.560000,system,2021-04-02 03:01:39.123000,system
Ardyce,Mourbey,dmourbey1m@bbc.co.uk,FEMALE,1969-08-29,166-817-3340,2021-04-02 03:00:54.560000,system,2021-04-02 03:01:39.123000,system
Timotheus,Featherstonhalgh,bfeatherstonhalgh1n@lycos.com,MALE,1995-05-15,586-229-7441,2021-04-02 03:00:54.560000,system,2021-04-02 03:01:39.123000,system
Jermayne,Sparry,jciccotto1@un.org,MALE,1992-09-28,572-570-0961,2021-04-02 03:00:54.560000,system,2021-04-02 03:01:39.123000,system
Candie,Lasselle,halelsandrovich9@ka.po,FEMALE,1984-04-23,117-237-4334,2021-04-02 03:00:54.560000,system,2021-04-02 03:01:39.123000,system
Abramo,McCandie,hpitwad@smh.com.go,MALE,1981-11-20,867-709-3428,2021-04-02 03:00:54.560000,system,2021-04-02 03:01:39.123000,system