id,first_name,last_name,email,gender_iso,date_of_birth,phone_number,created_date,created_by,last_modified_date,last_modified_by
1,Griff,Glendza,cglendza0@usgs.gov,1,1970-11-20,272-162-6464,2021-04-02 03:00:54.560000,system,2021-04-02 03:01:39.123000,system
2,Fraze,Sisland,lsisland1@instagram.com,1,1980-09-11,200-292-0501,2021-04-02 03:00:54.560000,system,2021-04-02 03:01:39.123000,system
3,Artemus,Vurley,lvurley2@ifeng.com,1,1978-11-25,784-207-1594,2021-04-02 03:00:54.560000,system,2021-04-02 03:01:39.123000,system
4,Ross,Venart,svenart3@buzzfeed.com,1,1972-05-14,850-166-8875,2021-04-02 03:00:54.560000,system,2021-04-02 03:01:39.123000,system
6,Bridie,Curless,rcurless5@edublogs.org,2,1998-04-30,451-926-0160,2021-04-02 03:00:54.560000,system,2021-04-02 03:01:39.123000,system
8,Fairleigh,Ciccotto,jciccotto7@un.org,1,1961-04-03,797-858-8166,2021-04-02 03:00:54.560000,system,2021-04-02 03:01:39.123000,system
9,Sher,Chinnery,kchinnery8@dmoz.org,2,1982-11-08,194-255-8775,2021-04-02 03:00:54.560000,system,2021-04-02 03:01:39.123000,system
10,Elnore,Alelsandrovich,nalelsandrovich9@upenn.edu,2,1991-11-09,829-773-6071,2021-04-02 03:00:54.560000,system,2021-04-02 03:01:39.123000,system
11,Karlee,Browne,bbrownea@scientificamerican.com,2,1959-03-10,373-705-8826,2021-04-02 03:00:54.560000,system,2021-04-02 03:01:39.123000,system
12,Talbot,Reinbeck,areinbeckb@wp.com,1,1973-08-27,297-720-0229,2021-04-02 03:00:54.560000,system,2021-04-02 03:01:39.123000,system
13,Layton,Jeandeau,mjeandeauc@google.co.uk,1,1984-05-08,858-266-9765,2021-04-02 03:00:54.560000,system,2021-04-02 03:01:39.123000,system
14,Kort,McKendo,gmckendod@ucoz.com,1,1978-10-21,851-981-1075,2021-04-02 03:00:54.560000,system,2021-04-02 03:01:39.123000,system
15,Gunther,Mains,wmainse@purevolume.com,1,1977-12-10,248-515-9352,2021-04-02 03:00:54.560000,system,2021-04-02 03:01:39.123000,system
16,Lamond,Garrood,mgarroodf@soup.io,1,1988-07-24,539-652-3763,2021-04-02 03:00:54.560000,system,2021-04-02 03:01:39.123000,system
17,Burl,Scholling,eschollingg@vinaora.com,1,1998-01-20,449-503-7861,2021-04-02 03:00:54.560000,system,2021-04-02 03:01:39.123000,system
18,Gaultiero,Heaford,kheafordh@unc.edu,1,1958-04-12,979-862-7131,2021-04-02 03:00:54.560000,system,2021-04-02 03:01:39.123000,system
19,Aube,Abramov,aabramovi@nymag.com,1,1986-08-14,548-625-6822,2021-04-02 03:00:54.560000,system,2021-04-02 03:01:39.123000,system
20,Kimbra,Torr,dtorrj@canalblog.com,2,1953-12-01,332-886-5836,2021-04-02 03:00:54.560000,system,2021-04-02 03:01:39.123000,system
21,Giffard,Clackers,lclackersk@seesaa.net,1,1997-08-25,501-598-8375,2021-04-02 03:00:54.560000,system,2021-04-02 03:01:39.123000,system
22,Heddi,Redsall,vredsalll@t-online.de,2,1967-10-11,620-752-5390,2021-04-02 03:00:54.560000,system,2021-04-02 03:01:39.123000,system
23,Yorker,Morshead,cmorsheadm@example.com,1,1993-01-22,642-278-6899,2021-04-02 03:00:54.560000,system,2021-04-02 03:01:39.123000,system
24,Opal,Rengger,erenggern@bloglovin.com,2,1986-03-15,937-452-3781,2021-04-02 03:00:54.560000,system,2021-04-02 03:01:39.123000,system
25,Sherill,Fellman,sfellmano@illinois.edu,2,1981-02-27,186-311-0220,2021-04-02 03:00:54.560000,system,2021-04-02 03:01:39.123000,system
26,Jase,Ocklin,aocklinp@opera.com,1,1996-08-18,206-716-6546,2021-04-02 03:00:54.560000,system,2021-04-02 03:01:39.123000,system
27,Abbi,Murname,bmurnameq@networkadvertising.org,2,1964-02-07,114-167-7617,2021-04-02 03:00:54.560000,system,2021-04-02 03:01:39.123000,system
28,Julius,Edghinn,eedghinnr@wsj.com,1,1962-01-23,577-834-9419,2021-04-02 03:00:54.560000,system,2021-04-02 03:01:39.123000,system
29,Antonina,Debenham,vdebenhams@studiopress.com,2,1958-04-30,629-560-7214,2021-04-02 03:00:54.560000,system,2021-04-02 03:01:39.123000,system
30,Connie,Whatmough,pwhatmought@nature.com,2,1955-06-18,757-753-3517,2021-04-02 03:00:54.560000,system,2021-04-02 03:01:39.123000,system
31,Lindy,Bett,abettu@huffingtonpost.com,1,1957-02-04,359-408-0972,2021-04-02 03:00:54.560000,system,2021-04-02 03:01:39.123000,system
32,Katharyn,Goggan,cgogganv@nifty.com,2,1966-04-06,923-950-0782,2021-04-02 03:00:54.560000,system,2021-04-02 03:01:39.123000,system
33,Gerri,McCrie,amccriew@seesaa.net,2,1955-12-02,607-821-3197,2021-04-02 03:00:54.560000,system,2021-04-02 03:01:39.123000,system
34,Gabriele,Kelsey,mkelseyx@soup.io,1,1993-06-19,845-955-6454,2021-04-02 03:00:54.560000,system,2021-04-02 03:01:39.123000,system
35,Wallas,Thurling,kthurlingy@freewebs.com,1,1980-04-07,287-162-5026,2021-04-02 03:00:54.560000,system,2021-04-02 03:01:39.123000,system
37,Brant,Fittis,cfittis10@redcross.org,1,1983-03-25,173-717-1280,2021-04-02 03:00:54.560000,system,2021-04-02 03:01:39.123000,system
38,Reeta,Isacsson,hisacsson11@bloomberg.com,2,1959-06-07,729-559-8255,2021-04-02 03:00:54.560000,system,2021-04-02 03:01:39.123000,system
39,Clareta,Walkinshaw,swalkinshaw12@typepad.com,2,1978-02-21,608-994-2231,2021-04-02 03:00:54.560000,system,2021-04-02 03:01:39.123000,system
40,Harp,Ivanilov,aivanilov13@hostgator.com,1,1981-06-27,326-743-1350,2021-04-02 03:00:54.560000,system,2021-04-02 03:01:39.123000,system
41,Vito,Faireclough,jfaireclough14@vkontakte.ru,1,1969-12-13,940-760-6314,2021-04-02 03:00:54.560000,system,2021-04-02 03:01:39.123000,system
42,Ferdie,McQueen,jmcqueen15@timesonline.co.uk,1,1990-08-14,316-464-8329,2021-04-02 03:00:54.560000,system,2021-04-02 03:01:39.123000,system
43,Ardella,Woodham,bwoodham16@hibu.com,2,1981-02-02,974-421-3261,2021-04-02 03:00:54.560000,system,2021-04-02 03:01:39.123000,system
44,Umeko,Buscher,cbuscher17@webs.com,2,1984-02-28,653-298-5521,2021-04-02 03:00:54.560000,system,2021-04-02 03:01:39.123000,system
45,Ahmed,Clemenzi,rclemenzi18@howstuffworks.com,1,2001-03-04,391-401-2260,2021-04-02 03:00:54.560000,system,2021-04-02 03:01:39.123000,system
46,Owen,Ballendine,mballendine19@domainmarket.com,1,1972-10-24,574-130-3851,2021-04-02 03:00:54.560000,system,2021-04-02 03:01:39.123000,system
47,Algernon,Batie,sbatie1a@usda.gov,1,1996-11-17,313-377-0871,2021-04-02 03:00:54.560000,system,2021-04-02 03:01:39.123000,system
48,Ian,Bulbrook,abulbrook1b@state.gov,1,1966-11-02,509-761-0674,2021-04-02 03:00:54.560000,system,2021-04-02 03:01:39.123000,system
49,Gothart,Broszkiewicz,pbroszkiewicz1c@sciencedaily.com,1,1980-09-15,405-659-1063,2021-04-02 03:00:54.560000,system,2021-04-02 03:01:39.123000,system
50,Upton,Pitway,hpitway1d@smh.com.au,1,1965-11-20,501-498-1180,2021-04-02 03:00:54.560000,system,2021-04-02 03:01:39.123000,system
51,Penrod,Mindenhall,dmindenhall1e@howstuffworks.com,9,1982-02-18,445-287-9510,2021-04-02 03:00:54.560000,system,2021-04-02 03:01:39.123000,system
52,Albertina,McGoon,gmcgoon1f@chron.com,2,1959-11-25,759-646-9905,2021-04-02 03:00:54.560000,system,2021-04-02 03:01:39.123000,system
53,Xylina,Waulker,awaulker1g@elegantthemes.com,2,1999-05-29,638-732-4541,2021-04-02 03:00:54.560000,system,2021-04-02 03:01:39.123000,system
54,Karilynn,Agglio,sagglio1h@auda.org.au,2,1975-11-14,288-274-2593,2021-04-02 03:00:54.560000,system,2021-04-02 03:01:39.123000,system
55,Callean,Bicheno,tbicheno1i@chronoengine.com,1,2001-10-03,213-336-6208,2021-04-02 03:00:54.560000,system,2021-04-02 03:01:39.123000,system
56,Samuele,Kingham,gkingham1j@sohu.com,1,1967-04-26,395-574-6994,2021-04-02 03:00:54.560000,system,2021-04-02 03:01:39.123000,system
57,Basilius,Bennett,lbennett1k@desdev.cn,1,1992-05-28,469-594-3431,2021-04-02 03:00:54.560000,system,2021-04-02 03:01:39.123000,system
58,Eden,Deverose,mdeverose1l@cnet.com,2,1954-08-25,921-503-5783,2021-04-02 03:00:54.560000,system,2021-04-02 03:01:39.123000,system
59,Ardyce,Mourbey,dmourbey1m@bbc.co.uk,2,1969-08-29,166-817-3340,2021-04-02 03:00:54.560000,system,2021-04-02 03:01:39.123000,system
60,Timotheus,Featherstonhalgh,bfeatherstonhalgh1n@lycos.com,1,1995-05-15,586-229-7441,2021-04-02 03:00:54.560000,system,2021-04-02 03:01:39.123000,system
7,Jermayne,Sparry,jciccotto1@un.org,1,1992-09-28,572-570-0961,2021-04-02 03:00:54.560000,system,2021-04-02 03:01:39.123000,system
5,Candie,Lasselle,halelsandrovich9@ka.po,2,1984-04-23,117-237-4334,2021-04-02 03:00:54.560000,system,2021-04-02 03:01:39.123000,system
36,Abramo,McCandie,hpitwad@smh.com.go,1,1981-11-20,867-709-3428,2021-04-02 03:00:54.560000,system,2021-04-02 03:01:39.123000,system
